<?xml version='1.0' encoding='utf-8'?>
<codeBook xmlns:xsi="http://www.w3.org/2001/XMLSchema-instance" xsi:schemaLocation="ddi:codebook:2_5 http://www.ddialliance.org/Specification/DDI-Codebook/2.5/XMLSchema/codebook.xsd" xmlns="ddi:codebook:2_5" version="2.5">
	<stdyDscr>
		<citation>
			<titlStmt>
				<titl>https://paneldata.org/soep-core/data/bap</titl>
			</titlStmt>
		</citation>
	</stdyDscr>
	<fileDscr>
		<fileTxt>
			<fileName />
			<fileCitation>
				<titlStmt>
					<titl xml:lang="en">Data from individual questionnaires 2010</titl>
					<parTitl xml:lang="de">Daten vom Personenfragebogen 2010</parTitl>
				</titlStmt>
			</fileCitation>
			<fileCont xml:lang="en">The data were collected as part of the SOEP-Core study using the questionnaire  'Living in Germany - Survey 2010 on the social situation - Personal questionnaire for all'.  This questionnaire is addressed to the individual persons in the household.  A view of the survey instrument can be found here:  https://www.diw.de/documents/dokumentenarchiv/17/diw_01.c.369781.de/soepfrabo_personen_2010.pdf</fileCont>
			<fileCont xml:lang="de">Die Daten wurden im Rahmen der Studie SOEP-Core mittels des Fragebogens  'Leben in Deutschland – Befragung 2010 zur sozialen Lage - Personenfragebogen  für alle' erhoben. Dieser Fragebogen richtet sich an die einzelnen Personen im  Haushalt. Eine Ansicht des Erhebungsinstrumentes finden Sie hier:  https://www.diw.de/documents/dokumentenarchiv/17/diw_01.c.369781.de/soepfrabo_personen_2010.pdf</fileCont>
		</fileTxt>
		<notes>
			<ExtLink URI="https://paneldata.org/soep-core/data/bap" />
		</notes>
	</fileDscr>
	<dataDscr>
		<var name="bap87">
			<labl xml:lang="en">Current Health</labl>
			<labl xml:lang="de">Gesundheitszustand gegenwärtig</labl>
			<txt xml:lang="en">Question: How would you describe your current health?</txt>
			<txt xml:lang="de">Frage: Wie würden Sie Ihren gegenwärtigen Gesundheitszustand beschreiben?</txt>
			<catgry>
				<catValu>1</catValu>
				<labl xml:lang="en">Very good</labl>
				<labl xml:lang="de">Sehr gut</labl>
			</catgry>
			<catgry>
				<catValu>2</catValu>
				<labl xml:lang="en">Good</labl>
				<labl xml:lang="de">Gut</labl>
			</catgry>
			<catgry>
				<catValu>3</catValu>
				<labl xml:lang="en">Satisfactory</labl>
				<labl xml:lang="de">Zufriedenstellend</labl>
			</catgry>
			<catgry>
				<catValu>4</catValu>
				<labl xml:lang="en">Good</labl>
				<labl xml:lang="de">Weniger gut</labl>
			</catgry>
			<catgry>
				<catValu>5</catValu>
				<labl xml:lang="en">Poor</labl>
				<labl xml:lang="de">Schlecht</labl>
			</catgry>
			<varFormat type="numeric" />
			<notes>
				<ExtLink URI="https://paneldata.org/soep-core/data/bap/bap87" />
			</notes>
		</var>
		<var name="bap9201">
			<labl xml:lang="en">Hours Of Sleep, Normal Workday</labl>
			<labl xml:lang="de">Stunden Schlaf, normaler Werktag</labl>
			<txt xml:lang="en">Sleep hours per weekday</txt>
			<txt xml:lang="de">Schlafstunden pro Wochentag</txt>
			<catgry>
				<catValu>-2</catValu>
				<labl xml:lang="en">Does not apply</labl>
				<labl xml:lang="de">trifft nicht zu</labl>
			</catgry>
			<catgry>
				<catValu>-1</catValu>
				<labl xml:lang="en">No Answer</labl>
				<labl xml:lang="de">keine Angabe</labl>
			</catgry>
			<varFormat type="numeric" />
			<notes>
				<ExtLink URI="https://paneldata.org/soep-core/data/bap/bap9201" />
			</notes>
		</var>
		<var name="bap9001">
			<labl xml:lang="en">Pressed For Time Last 4 Weeks</labl>
			<labl xml:lang="de">Eile, Zeitdruck letzten 4 Wochen</labl>
			<txt xml:lang="en">Frequency of feeling time pressure in the past 4 weeks</txt>
			<txt xml:lang="de">Häufigkeit des Gefühls von Zeitdruck in den letzten 4 Wochen</txt>
			<catgry>
				<catValu>-2</catValu>
				<labl xml:lang="en">Does not apply</labl>
				<labl xml:lang="de">trifft nicht zu</labl>
			</catgry>
			<catgry>
				<catValu>-1</catValu>
				<labl xml:lang="en">No Answer</labl>
				<labl xml:lang="de">keine Angabe</labl>
			</catgry>
			<catgry>
				<catValu>1</catValu>
				<labl xml:lang="en">Always</labl>
				<labl xml:lang="de">Immer</labl>
			</catgry>
			<catgry>
				<catValu>2</catValu>
				<labl xml:lang="en">Often</labl>
				<labl xml:lang="de">Oft</labl>
			</catgry>
			<catgry>
				<catValu>3</catValu>
				<labl xml:lang="en">Sometimes</labl>
				<labl xml:lang="de">Manchmal</labl>
			</catgry>
			<catgry>
				<catValu>4</catValu>
				<labl xml:lang="en">Almost Never</labl>
				<labl xml:lang="de">Fast nie</labl>
			</catgry>
			<catgry>
				<catValu>5</catValu>
				<labl xml:lang="en">Never</labl>
				<labl xml:lang="de">Nie</labl>
			</catgry>
			<varFormat type="numeric" />
			<notes>
				<ExtLink URI="https://paneldata.org/soep-core/data/bap/bap9001" />
			</notes>
		</var>
		<var name="bap9002">
			<labl xml:lang="en">Run-down, Melancholy Last 4 Weeks</labl>
			<labl xml:lang="de">Niedergeschlagen letzten 4 Wochen</labl>
			<txt xml:lang="en">Frequency of feeling a sad and depressed state</txt>
			<txt xml:lang="de">Häufigkeit der Niedergeschlagenheit</txt>
			<catgry>
				<catValu>-2</catValu>
				<labl xml:lang="en">Does not apply</labl>
				<labl xml:lang="de">trifft nicht zu</labl>
			</catgry>
			<catgry>
				<catValu>-1</catValu>
				<labl xml:lang="en">No Answer</labl>
				<labl xml:lang="de">keine Angabe</labl>
			</catgry>
			<catgry>
				<catValu>1</catValu>
				<labl xml:lang="en">Always</labl>
				<labl xml:lang="de">Immer</labl>
			</catgry>
			<catgry>
				<catValu>2</catValu>
				<labl xml:lang="en">Often</labl>
				<labl xml:lang="de">Oft</labl>
			</catgry>
			<catgry>
				<catValu>3</catValu>
				<labl xml:lang="en">Sometimes</labl>
				<labl xml:lang="de">Manchmal</labl>
			</catgry>
			<catgry>
				<catValu>4</catValu>
				<labl xml:lang="en">Almost Never</labl>
				<labl xml:lang="de">Fast nie</labl>
			</catgry>
			<catgry>
				<catValu>5</catValu>
				<labl xml:lang="en">Never</labl>
				<labl xml:lang="de">Nie</labl>
			</catgry>
			<varFormat type="numeric" />
			<notes>
				<ExtLink URI="https://paneldata.org/soep-core/data/bap/bap9002" />
			</notes>
		</var>
		<var name="bap9003">
			<labl xml:lang="en">Well-balanced Last 4 Weeks</labl>
			<labl xml:lang="de">Ausgeglichen letzten 4 Wochen</labl>
			<txt xml:lang="en">Frequency of feeling balance</txt>
			<txt xml:lang="de">Häufigkeit der Ausgeglichenheit</txt>
			<catgry>
				<catValu>-2</catValu>
				<labl xml:lang="en">Does not apply</labl>
				<labl xml:lang="de">trifft nicht zu</labl>
			</catgry>
			<catgry>
				<catValu>-1</catValu>
				<labl xml:lang="en">No Answer</labl>
				<labl xml:lang="de">keine Angabe</labl>
			</catgry>
			<catgry>
				<catValu>1</catValu>
				<labl xml:lang="en">Always</labl>
				<labl xml:lang="de">Immer</labl>
			</catgry>
			<catgry>
				<catValu>2</catValu>
				<labl xml:lang="en">Often</labl>
				<labl xml:lang="de">Oft</labl>
			</catgry>
			<catgry>
				<catValu>3</catValu>
				<labl xml:lang="en">Sometimes</labl>
				<labl xml:lang="de">Manchmal</labl>
			</catgry>
			<catgry>
				<catValu>4</catValu>
				<labl xml:lang="en">Almost Never</labl>
				<labl xml:lang="de">Fast nie</labl>
			</catgry>
			<catgry>
				<catValu>5</catValu>
				<labl xml:lang="en">Never</labl>
				<labl xml:lang="de">Nie</labl>
			</catgry>
			<varFormat type="numeric" />
			<notes>
				<ExtLink URI="https://paneldata.org/soep-core/data/bap/bap9003" />
			</notes>
		</var>
		<var name="bap96">
			<labl xml:lang="en">Height</labl>
			<labl xml:lang="de">Körpergröße</labl>
			<txt xml:lang="en">Body size</txt>
			<txt xml:lang="de">Körpergröße</txt>
			<catgry>
				<catValu>-2</catValu>
				<labl xml:lang="en">Does not apply</labl>
				<labl xml:lang="de">trifft nicht zu</labl>
			</catgry>
			<catgry>
				<catValu>-1</catValu>
				<labl xml:lang="en">No Answer</labl>
				<labl xml:lang="de">keine Angabe</labl>
			</catgry>
			<varFormat type="numeric" />
			<notes>
				<ExtLink URI="https://paneldata.org/soep-core/data/bap/bap96" />
			</notes>
		</var>
		<var name="name">
			<labl xml:lang="en">First Name</labl>
			<labl xml:lang="de">Vorname</labl>
			<txt xml:lang="en">First name</txt>
			<txt xml:lang="de">Vorname</txt>
			<catgry>
				<catValu>-2</catValu>
				<labl xml:lang="en">Does not apply</labl>
				<labl xml:lang="de">trifft nicht zu</labl>
			</catgry>
			<catgry>
				<catValu>-1</catValu>
				<labl xml:lang="en">No Answer</labl>
				<labl xml:lang="de">keine Angabe</labl>
			</catgry>
			<varFormat type="character" />
		</var>
	</dataDscr>
</codeBook>